<?xml version="1.0" encoding="UTF-8"?>
<project-private xmlns="http://www.netbeans.org/ns/project-private/1">
    <editor-bookmarks xmlns="http://www.netbeans.org/ns/editor-bookmarks/2" lastBookmarkId="0"/>
    <open-files xmlns="http://www.netbeans.org/ns/projectui-open-files/2">
        <group>
            <file>file:/D:/RBCs/third%20year/first%20semister/Java/Lab%20Project/Project/MineSweeper/Models/src/Models/ConsoleGame.java</file>
            <file>file:/D:/RBCs/third%20year/first%20semister/Java/Lab%20Project/Project/MineSweeper/Models/src/Models/PlayerMove.java</file>
            <file>file:/D:/RBCs/third%20year/first%20semister/Java/Lab%20Project/Project/MineSweeper/Models/src/Models/Minesweeper.java</file>
            <file>file:/D:/RBCs/third%20year/first%20semister/Java/Lab%20Project/Project/MineSweeper/Models/src/BaseAlphabit/Converter.java</file>
            <file>file:/D:/RBCs/third%20year/first%20semister/Java/Lab%20Project/Project/MineSweeper/Models/src/Models/ConsolePlayer.java</file>
            <file>file:/D:/RBCs/third%20year/first%20semister/Java/Lab%20Project/Project/MineSweeper/Models/src/CustomSequences/SurroundingMines2DArray.java</file>
            <file>file:/D:/RBCs/third%20year/first%20semister/Java/Lab%20Project/Project/MineSweeper/Models/src/Models/Grid.java</file>
            <file>file:/D:/RBCs/third%20year/first%20semister/Java/Lab%20Project/Project/MineSweeper/Models/src/Models/Square.java</file>
            <file>file:/D:/RBCs/third%20year/first%20semister/Java/Lab%20Project/Project/MineSweeper/Models/src/Models/Game.java</file>
            <file>file:/D:/RBCs/third%20year/first%20semister/Java/Lab%20Project/Project/MineSweeper/Models/src/CustomSequences/MinesCoor2DArray.java</file>
            <file>file:/D:/RBCs/third%20year/first%20semister/Java/Lab%20Project/Project/MineSweeper/Models/src/Models/NormalGame.java</file>
        </group>
    </open-files>
</project-private>
