<?xml version="1.0" encoding="UTF-8"?>
<project name="module_minesweeper" default="compile.module.minesweeper">
  <dirname property="module.minesweeper.basedir" file="${ant.file.module_minesweeper}"/>
  
  <property name="module.jdk.home.minesweeper" value="${project.jdk.home}"/>
  <property name="module.jdk.bin.minesweeper" value="${project.jdk.bin}"/>
  <property name="module.jdk.classpath.minesweeper" value="${project.jdk.classpath}"/>
  
  <property name="compiler.args.minesweeper" value="-encoding UTF-8 -source 9 -target 9 ${compiler.args}"/>
  
  <property name="minesweeper.output.dir" value="${module.minesweeper.basedir}/out/production/minesweeper"/>
  <property name="minesweeper.testoutput.dir" value="${module.minesweeper.basedir}/out/test/minesweeper"/>
  
  <path id="minesweeper.module.bootclasspath">
    <!-- Paths to be included in compilation bootclasspath -->
  </path>
  
  <path id="minesweeper.module.production.classpath">
    <path refid="${module.jdk.classpath.minesweeper}"/>
    <path refid="library.jfoenix-9.0.61.classpath"/>
  </path>
  
  <path id="minesweeper.runtime.production.module.classpath">
    <pathelement location="${minesweeper.output.dir}"/>
    <path refid="library.jfoenix-9.0.61.classpath"/>
  </path>
  
  <path id="minesweeper.module.classpath">
    <path refid="${module.jdk.classpath.minesweeper}"/>
    <pathelement location="${minesweeper.output.dir}"/>
    <path refid="library.jfoenix-9.0.61.classpath"/>
  </path>
  
  <path id="minesweeper.runtime.module.classpath">
    <pathelement location="${minesweeper.testoutput.dir}"/>
    <pathelement location="${minesweeper.output.dir}"/>
    <path refid="library.jfoenix-9.0.61.classpath"/>
  </path>
  
  
  <patternset id="excluded.from.module.minesweeper">
    <patternset refid="ignored.files"/>
  </patternset>
  
  <patternset id="excluded.from.compilation.minesweeper">
    <patternset refid="excluded.from.module.minesweeper"/>
  </patternset>
  
  <path id="minesweeper.module.sourcepath">
    <dirset dir="${module.minesweeper.basedir}">
      <include name="src"/>
    </dirset>
  </path>
  
  
  <target name="compile.module.minesweeper" depends="compile.module.minesweeper.production,compile.module.minesweeper.tests" description="Compile module minesweeper"/>
  
  <target name="compile.module.minesweeper.production" depends="register.custom.compilers" description="Compile module minesweeper; production classes">
    <mkdir dir="${minesweeper.output.dir}"/>
    <javac2 destdir="${minesweeper.output.dir}" debug="${compiler.debug}" nowarn="${compiler.generate.no.warnings}" memorymaximumsize="${compiler.max.memory}" fork="true" executable="${module.jdk.bin.minesweeper}/javac">
      <compilerarg line="${compiler.args.minesweeper}"/>
      <bootclasspath refid="minesweeper.module.bootclasspath"/>
      <classpath refid="minesweeper.module.production.classpath"/>
      <src refid="minesweeper.module.sourcepath"/>
      <patternset refid="excluded.from.compilation.minesweeper"/>
    </javac2>
    
    <copy todir="${minesweeper.output.dir}">
      <fileset dir="${module.minesweeper.basedir}/src">
        <patternset refid="compiler.resources"/>
        <type type="file"/>
      </fileset>
    </copy>
  </target>
  
  <target name="compile.module.minesweeper.tests" depends="register.custom.compilers,compile.module.minesweeper.production" description="compile module minesweeper; test classes" unless="skip.tests"/>
  
  <target name="clean.module.minesweeper" description="cleanup module">
    <delete dir="${minesweeper.output.dir}"/>
    <delete dir="${minesweeper.testoutput.dir}"/>
  </target>
</project>